{
  "root_directory": null,
  "central_agent": false,
  "simulation_start_time_step": 0,
  "simulation_end_time_step": 8759,
  "episode_time_steps": null,
  "rolling_episode_split": false,
  "random_episode_split": false,
  "seconds_per_time_step": 3600,
  "observations": {
    "month": {
      "active": true,
      "shared_in_central_agent": true
    },
    "day_type": {
      "active": true,
      "shared_in_central_agent": true
    },
    "hour": {
      "active": true,
      "shared_in_central_agent": true
    },
    "daylight_savings_status": {
      "active": false,
      "shared_in_central_agent": true
    },
    "outdoor_dry_bulb_temperature": {
      "active": true,
      "shared_in_central_agent": true
    },
    "outdoor_dry_bulb_temperature_predicted_6h": {
      "active": true,
      "shared_in_central_agent": true
    },
    "outdoor_dry_bulb_temperature_predicted_12h": {
      "active": true,
      "shared_in_central_agent": true
    },
    "outdoor_dry_bulb_temperature_predicted_24h": {
      "active": true,
      "shared_in_central_agent": true
    },
    "outdoor_relative_humidity": {
      "active": true,
      "shared_in_central_agent": true
    },
    "outdoor_relative_humidity_predicted_6h": {
      "active": true,
      "shared_in_central_agent": true
    },
    "outdoor_relative_humidity_predicted_12h": {
      "active": true,
      "shared_in_central_agent": true
    },
    "outdoor_relative_humidity_predicted_24h": {
      "active": true,
      "shared_in_central_agent": true
    },
    "diffuse_solar_irradiance": {
      "active": true,
      "shared_in_central_agent": true
    },
    "diffuse_solar_irradiance_predicted_6h": {
      "active": true,
      "shared_in_central_agent": true
    },
    "diffuse_solar_irradiance_predicted_12h": {
      "active": true,
      "shared_in_central_agent": true
    },
    "diffuse_solar_irradiance_predicted_24h": {
      "active": true,
      "shared_in_central_agent": true
    },
    "direct_solar_irradiance": {
      "active": true,
      "shared_in_central_agent": true
    },
    "direct_solar_irradiance_predicted_6h": {
      "active": true,
      "shared_in_central_agent": true
    },
    "direct_solar_irradiance_predicted_12h": {
      "active": true,
      "shared_in_central_agent": true
    },
    "direct_solar_irradiance_predicted_24h": {
      "active": true,
      "shared_in_central_agent": true
    },
    "carbon_intensity": {
      "active": true,
      "shared_in_central_agent": true
    },
    "indoor_dry_bulb_temperature": {
      "active": false,
      "shared_in_central_agent": false
    },
    "average_unmet_cooling_setpoint_difference": {
      "active": false,
      "shared_in_central_agent": false
    },
    "indoor_relative_humidity": {
      "active": false,
      "shared_in_central_agent": false
    },
    "non_shiftable_load": {
      "active": true,
      "shared_in_central_agent": false
    },
    "solar_generation": {
      "active": true,
      "shared_in_central_agent": false
    },
    "cooling_storage_soc": {
      "active": false,
      "shared_in_central_agent": false
    },
    "heating_storage_soc": {
      "active": false,
      "shared_in_central_agent": false
    },
    "dhw_storage_soc": {
      "active": false,
      "shared_in_central_agent": false
    },
    "electrical_storage_soc": {
      "active": true,
      "shared_in_central_agent": false
    },
    "net_electricity_consumption": {
      "active": true,
      "shared_in_central_agent": false
    },
    "electricity_pricing": {
      "active": true,
      "shared_in_central_agent": false
    },
    "electricity_pricing_predicted_6h": {
      "active": true,
      "shared_in_central_agent": false
    },
    "electricity_pricing_predicted_12h": {
      "active": true,
      "shared_in_central_agent": false
    },
    "electricity_pricing_predicted_24h": {
      "active": true,
      "shared_in_central_agent": false
    },
    "power_outage": {
      "active": false,
      "shared_in_central_agent": false
    }
  },
  "actions": {
    "cooling_storage": {
      "active": false
    },
    "heating_storage": {
      "active": false
    },
    "dhw_storage": {
      "active": false
    },
    "electrical_storage": {
      "active": true
    }
  },
  "agent": {
    "type": "citylearn.agents.rbc.BasicRBC",
    "attributes": {
      "hidden_dimension": [
        256,
        256
      ],
      "discount": 0.99,
      "tau": 0.005,
      "lr": 0.003,
      "batch_size": 256,
      "replay_buffer_capacity": 100000.0,
      "standardize_start_time_step": 6000,
      "end_exploration_time_step": 7000,
      "action_scaling_coef": 0.5,
      "reward_scaling": 5.0,
      "update_per_time_step": 2
    }
  },
  "reward_function": {
    "type": "citylearn.reward_function.RewardFunction",
    "attributes": null
  },
  "buildings": {
    "Building_6": {
      "include": true,
      "energy_simulation": "Building_6.csv",
      "weather": "weather.csv",
      "carbon_intensity": "carbon_intensity.csv",
      "pricing": "pricing.csv",
      "inactive_observations": [],
      "inactive_actions": [],
      "electrical_storage": {
        "type": "citylearn.energy_model.Battery",
        "autosize": false,
        "attributes": {
          "capacity": 6.4,
          "efficiency": 0.9,
          "capacity_loss_coefficient": 1e-05,
          "loss_coefficient": 0.0,
          "nominal_power": 5.0
        }
      },
      "pv": {
        "type": "citylearn.energy_model.PV",
        "autosize": false,
        "attributes": {
          "nominal_power": 4.0
        }
      }
    },
    "Building_7": {
      "include": true,
      "energy_simulation": "Building_7.csv",
      "weather": "weather.csv",
      "carbon_intensity": "carbon_intensity.csv",
      "pricing": "pricing.csv",
      "inactive_observations": [],
      "inactive_actions": [],
      "electrical_storage": {
        "type": "citylearn.energy_model.Battery",
        "autosize": false,
        "attributes": {
          "capacity": 6.4,
          "efficiency": 0.9,
          "capacity_loss_coefficient": 1e-05,
          "loss_coefficient": 0.0,
          "nominal_power": 5.0
        }
      },
      "pv": {
        "type": "citylearn.energy_model.PV",
        "autosize": false,
        "attributes": {
          "nominal_power": 4.0
        }
      }
    },
    "Building_8": {
      "include": true,
      "energy_simulation": "Building_8.csv",
      "weather": "weather.csv",
      "carbon_intensity": "carbon_intensity.csv",
      "pricing": "pricing.csv",
      "inactive_observations": [],
      "inactive_actions": [],
      "electrical_storage": {
        "type": "citylearn.energy_model.Battery",
        "autosize": false,
        "attributes": {
          "capacity": 6.4,
          "efficiency": 0.9,
          "capacity_loss_coefficient": 1e-05,
          "loss_coefficient": 0.0,
          "nominal_power": 5.0
        }
      },
      "pv": {
        "type": "citylearn.energy_model.PV",
        "autosize": false,
        "attributes": {
          "nominal_power": 4.0
        }
      }
    },
    "Building_9": {
      "include": true,
      "energy_simulation": "Building_9.csv",
      "weather": "weather.csv",
      "carbon_intensity": "carbon_intensity.csv",
      "pricing": "pricing.csv",
      "inactive_observations": [],
      "inactive_actions": [],
      "electrical_storage": {
        "type": "citylearn.energy_model.Battery",
        "autosize": false,
        "attributes": {
          "capacity": 6.4,
          "efficiency": 0.9,
          "capacity_loss_coefficient": 1e-05,
          "loss_coefficient": 0.0,
          "nominal_power": 5.0
        }
      },
      "pv": {
        "type": "citylearn.energy_model.PV",
        "autosize": false,
        "attributes": {
          "nominal_power": 4.0
        }
      }
    },
    "Building_10": {
      "include": true,
      "energy_simulation": "Building_10.csv",
      "weather": "weather.csv",
      "carbon_intensity": "carbon_intensity.csv",
      "pricing": "pricing.csv",
      "inactive_observations": [],
      "inactive_actions": [],
      "electrical_storage": {
        "type": "citylearn.energy_model.Battery",
        "autosize": false,
        "attributes": {
          "capacity": 6.4,
          "efficiency": 0.9,
          "capacity_loss_coefficient": 1e-05,
          "loss_coefficient": 0.0,
          "nominal_power": 5.0
        }
      },
      "pv": {
        "type": "citylearn.energy_model.PV",
        "autosize": false,
        "attributes": {
          "nominal_power": 5.0
        }
      }
    }
  }
}